,Comment ID,Comment Body,Author,Upvotes,Timestamp,Cleaned_Comment,ClusterLabel
0,lnt9dc3,You only need one guess to know the theme of the top comment on this post,Portatort,263,1726700551.0,need one guess know theme top comment post,0
1,lntv1ie,ITT 60hz defenders bizarrely out in full force again.,Amerikaner,137,1726708662.0,defender barely full force,1
2,lnt9luo,"Can‚Äôt wait for the iPhone 17 to have 120hz next year!!!

So y‚Äôall will shut up about it",Portatort,125,1726700638.0,wait phone next year yale shut,89
3,lntfo7d,Mainstream price?,esmori,20,1726702884.0,mainstream price,2
4,lnutcyy,Forget 60hz. Why would they still put usb 2 into that ?,Goku047,9,1726724334.0,forget would still put,3
5,lnt4dkz,"""pro features"" when a 2024 phone does not even have always on display and the price is not mainstream. It is still one of the most expensive phones, lacking basic features.",radiatione,53,1726698732.0,pro feature phone even always display price mainstream still one expensive phone lack basic feature,46
6,lnsjgwq,"> Today, select media outlets and YouTubers shared their first impressions of the iPhone 16 and ‚ÄåiPhone‚Äå 16 Plus, highlighting many of the incremental and notable updates.

> The key new features include the A18 chip, which provides enhanced performance and supports Apple Intelligence, faster charging, the Action Button, an enhanced ultra wide camera with support for macro photography, revamped Photographic Styles, and the all-new Camera Control button.

> The ‚ÄåiPhone‚Äå 16 retains a similar design to the iPhone 15. The color palette has become more vibrant, with options like Ultramarine, Pink, and Teal. The camera arrangement has also been redesigned, moving from the previous diagonal layout to a vertical stack, a change that helps enable Spatial Video and Photo capture for the Vision Pro headset.

> Among the standout additions to the ‚ÄåiPhone‚Äå 16 is the introduction of the Action Button and the Camera Control. Previously exclusive to the ‚ÄåiPhone 15‚Äå Pro, the Action Button is a customizable button that replaces the traditional mute switch, offering users flexibility to assign various functions such as starting voice memos or launching shortcuts. Meanwhile, the new Camera Control capacitive button, located on the right side of the device, takes smartphone photography to the next level by mimicking a physical shutter button. It also integrates gestures for adjusting settings like zoom, exposure, and more.

> One of the ‚ÄåiPhone‚Äå 16's key features is support for Apple Intelligence. While many of these features are still on the way with future software updates, the A18 chip underpins the phone's ability to handle the AI tools, offering improvements in performance, battery efficiency, and overall user experience.

> The ‚ÄåiPhone‚Äå 16 brings several key camera upgrades, including an improved ultra wide camera, with support for macro photography for the first time on a standard ‚ÄåiPhone‚Äå model. Apple has also revamped its Photographic Styles, improving how the camera handles skin tones, shadows, and highlights in real-time.",ControlCAD,8,1726691760.0,today select medium outlet youtuber share first impression phone phone plus highlight many incremental notable update key new feature include chip provide enhance performance support apple intelligence fast charge action button enhance ultra wide camera support micro photography reap photographic style anew camera control button phone retain similar design phone color palate become vagrant option like ultramarine pink tell camera arrangement also design move previous diagonal layout vertical stick change help enable spatial video photo capture vision pro head among standout addition phone introduction action button camera control previously exclusive phone pro action button customizable button replace traditional mute switch offering user flexibility assign various function start voice mean launch shortcut meanwhile new camera control capacity button locate right side device take smartphone photography next level mimic physical shutter button also integrate gesture adjust setting like room exposure one phone key feature support apple intelligence many feature still way future software update chip undermine phone ability handle ai tool offering improvement performance battery efficiency overall user experience phone bring several key camera upgrade include improve ultra wide camera support micro photography first time standard phone model apple also reap photographic style improve camera candle skin tone shadow highlight realize,89
7,lnteb7v,I am now too used to running some of my mobile games at 120fps to go back.,NoiceM8_420,7,1726702380.0,I use run mobile games fas go back,88
8,lo0yblt,"No raw, no log, no pro res, no 120hz, no fast usb c, no aod, weaker frame, no telephoto.

What pro features are we talking about? Useless ahh camera button?",WellisCute,2,1726825190.0,raw log pro yes fast c weak frame telephone pro feature talk useless ah camera button,67
9,lntoz4m,Anyone on a pro model thinking of downgrading to a regular model just turn on battery saver and you will suddenly realize how difficult going from 120hz to 60hz is,91271,14,1726706360.0,anyone pro model think download regular model turn battery save suddenly realize difficult go,67
10,lnucl4d,"Can‚Äôt wait. This is gonna be the phone I drive into the ground. Won‚Äôt need to upgrade for a good long time. This phone has all but literally one feature I need and removing the notch isn‚Äôt terribly important to me anyway. At least not right now.

I‚Äôm looking forward to the iPhone 26 now lol",megas88,4,1726715698.0,wait na phone I drive ground need upgrade good long time phone literally one feature I need remove notch terribly important I anyway least right look forward phone,78
11,lnux6cp,People are upset like they think MacRumors is a credible journalistic source suddenly saying outlandish things. They‚Äôre a corporate fan fiction website that wants Apple to like them.,unfunfionn,2,1726726686.0,people upset like think macrumor incredible journalist source suddenly say outlandish thing corporate fan fiction webster want apple like,4
12,lnvqagw,Aww yes! More colors and a new 5th camera button!!,Karmma11,1,1726745575.0,yes color new th camera button,5
13,lnx4eql,Why dont they just increase the price $50 and add 120hz? Release an SE phone at the same time. They would have so many sales,makeflippyfloppy,1,1726763829.0,increase price add release se phone time would many sale,89
14,lojlif7,"Got the new 16 Plus for my Mom. She said she kind of noticed 120 vs 60 Hz (she comes from an iPhone 12), but that she didn‚Äôt really care about it and she‚Äôd rather spend the extra money on a bigger screen.

As much as I hate 60 Hz in 2024, I do think most normal, non-tech obsessed people really don‚Äôt notice or don‚Äôt care that much. We‚Äôre in a bubble here on the Apple sub.",Swankyyyy,1,1727107633.0,get new plus mon say kind notice vs come phone really care shed rather spend extra money big screen much I hate I think normal notch obsess people really notice care much bubble apple sub,46
15,lojtc3b,Let‚Äôs carry a 70inch phone on our back like a back pack and call it cool. It will work as a tv and tablet. The future is looking bright,Deleted,1,1727110140.0,let carry inch phone back like back pack call cool work tablet future look bright,89
16,lnv7r68,Except the only one that truly matters,UncleRico95,0,1726733943.0,except one truly matter,6
17,lnuijqr,"It has 60hz though? Surely the usual apple defenders have enough common sense to sit this one out right?


Right?


Reads the comments... Naah, if course they're here to lie everyone that's a useless feature and all their usual cheap nonsense sigh",Deleted,-6,1726718485.0,though surely usual apple defender enough common sense sit one right right read comment ah course lie everyone useless feature usual cheap nonsense sigh,7
18,lnticux,"‚ÄúI have an iPhone X and it seems like I can keep it for another year. I still get two days battery from mine!‚Äù

This?",nWhm99,214,1726703886.0,I phone x seem like I keep another year I still get two day battery mine,78
19,lnv4hx5,"120Hz is becoming the same as FLAC audio or expensive wine. People train themselves out of enjoying normal things and develop a superiority complex about it.

I enjoyed PC gaming a lot more when I stopped caring about FPS. It‚Äôs honestly exhausting, you just constantly undermine your own ability to enjoy things.",Forte69,14,1726731598.0,become flat audit expensive wine people train enjoy normal thing develop superiority complex I enjoy pp gaze lot I stop dare fas honestly exhaust constantly undermine ability enjoy thing,46
20,lnthsec,"If 120hz doesn‚Äôt work in low power mode, aren‚Äôt you missing the feature for half of your day anyway?",Mr-p1nk1,0,1726703675.0,work low power mode agent miss feature half day anyway,8
21,lnx3xxg,I block users who complain about 120hz,Hot_Special_2083,0,1726763682.0,I block user complain,88
22,lnsttqc,This is absolutely inexcusable. 60hz looks so choppy and low rent for premium priced phones.,FlarblesGarbles,196,1726695052.0,absolutely excusable look happy low rent premium price phone,89
23,lnt124t,"Haha, usb2 in a usb c port.

The tech has moved on to usb4 and we still can‚Äôt get 3 speeds.",CaptainMarko,19,1726697537.0,hata c port teach move still get speed,9
24,lnvepzk,The fact so many people freak out about the base model having 60hz is why Apple will keep it as a pro model.,HippolyteClio,1,1726738919.0,fact many people freak base model apple keep pro model,56
25,lntyyav,why do you guys care this much lmao?,OreganoLays,-2,1726710141.0,gun care much may,10
26,lnstz1i,unnecessary imo. waste of battery.¬†,tensei-coffee,-14,1726695100.0,unnecessary mio waste battery,11
27,lntlz4e,But think of all the battery life! /s,six_six,0,1726705248.0,think battery life,12
28,lnxlh9s,"I really don‚Äôt understand the obsession with 120hz. For the first time in 10+ years of iPhones I‚Äôm dropping to the non-pro version because the features are too close.

120hz and an extra zoom camera isn‚Äôt worth the $300 difference.

I get the ‚Äúit‚Äôs 2024, it should be 120hz‚Äù argument. But Apple is obviously doing this to get people to upgrade to the pro version. Clearly it‚Äôs working for the Reddit crowd. For me, that makes zero influence on me.",Lancaster61,-1,1726769155.0,I really understand possession first time year phone drop monro version feature close extra room camera worth difference I get argument apple obviously get people upgrade pro version clearly work credit crowd I make zero influence I,78
29,lnu1ipk,I'm holding out for a mini with 30Hz and no camera bump. I will refuse to buy any iPhone or toilet paper until they bring it back.,goldblumspowerbook,35,1726711121.0,I hold mind camera bump I refuse buy phone toilet paper bring back,78
30,lnuspzv,[deleted],Deleted,20,1726723955.0,delete,13
31,lnued3b,nobody needs anything higher than 720p bro. You can read reddit just fine,IwannabeASurveyor,11,1726716503.0,nobody need anything higher p brow read credit fine,14
32,lnuyfdw,Either they are completely brainwashed or Apple pays people on this subreddit lmao.,Shaykea,9,1726727491.0,either completely brainwash apple pay people subredit may,4
33,lnuw9y0,"120hz is great. Super smooth. Love it.

Turned it down to 60hz to get more battery life. Yes it's choppier, but I manage. Plus the extra ounce of battery is handy.",Beautiful_Tangerine,2,1726726117.0,great super smooth love turn get battery life yes copper I manage plus extra ounce battery handy,88
34,lnulyd1,Nah they will do 75hz so strikes a good balance üòú as then do 90 and in a few years 120hz,aspenextreme03,5,1726720205.0,ah strike good balance year,15
35,lntfbwg,"Given the reasoning is rational unlike those defending the omission of a 120Hz screen in $800 phone in 2024, I‚Äôm sure they‚Äôll shut up about it once apple stops making such an obvious mistake.",pratikp26,77,1726702757.0,give reasoning rational unlike defend omission screen phone sure shut apple stop make obvious mistake,89
36,lnu2irf,And it‚Äôll start at $999,neatgeek83,4,1726711509.0,start,16
37,lntpxb4,"I must be the only one on the planet who thinks $800 bucks seems really cheap for what is essentially a supercomputer you will use for 8+ hours a day, every day, for several years.",Dr-McLuvin,39,1726706716.0,I must one planet think buck seem really cheap essentially supercomputer use hour day every day several year,88
38,lnuf9nj,They meant mainframe price.,Deleted,1,1726716925.0,mean mainframe price,17
39,lnvfobo,So people who need faster transfer speeds upgrade to the Pro,aaaron64,4,1726739563.0,people need fast transfer speed upgrade pro,56
40,lnt7nov,Does anyone here use the always on display? It felt very weird having it on,TheNextGamer21,35,1726699927.0,anyone use always display feel weird,18
41,lnthpno,What professional use case does 120hz enable?,Portatort,-9,1726703647.0,professional use case enable,19
42,lnth6xd,Candy crush in 120hz!,fightnight14,7,1726703452.0,candy crush,20
43,lnu2gi2,"Not totally accurate. I‚Äôve done that test 
 and compared it to regular iPhones 13 in my house, the ‚Äúlow battery mode‚Äù on my 14 Pro was way worse.",neatgeek83,23,1726711485.0,totally accurate give test compare regular phone house low battery mode pro way bad,46
44,lnuud81,Umm...this is pretty inaccurate. Low power mode does a lot more than just change the refresh rate from 120hz to 60hz. It also reduces the cores in the CPU and GPU.,CreatineDonuts,7,1726724935.0,pretty inaccurate low power mode lot change refresh rate also reduce come cup,21
45,lntueam,My wife has a 15p and has low battery mode on most of the time and it‚Äôs so jarring using her phone.,seventhninja,5,1726708418.0,wife p low battery mode time jarring use phone,89
46,lntpoqa,"I enable low power mode most of the time. No, it is not difficult.",No-Day-2723,4,1726706627.0,I enable low power mode time difficult,88
47,lnv96bi,"Joke's on you, I have an 11 pro max lol. But yeah, I'm skipping another year until there's a higher refresh rate on the non pro.",electric-sheep,1,1726734969.0,joke I pro max yeah I shipping another year higher refresh rate non pro,46
48,lo19zbr,"> and you will suddenly realize how difficult going from 120hz to 60hz is

Not difficult at all. My iPad Air is 60Hz, I don‚Äôt even think about it. I guarantee you that the majority of people also never thinks about it or even care. 

Try asking your mom - she probably won‚Äôt even know what 120Hz means, just as most *‚Äúcasual‚Äú* users.",theoneguyonreddits,1,1726831885.0,suddenly realize difficult go difficult pad air I even think I guarantee majority people also never think even care try ask mon probably even know mean casual user,46
49,lnuyekb,"Got an iPad Pro, it‚Äôs really not that much of a game changer, especially when the use case for these devices also mostly Reddit and TikTok",Haydn2613,1,1726727476.0,get pad pro really much game change especially use case device also mostly credit tikhon,67
50,lnv8dmm,"funniest thing is, most people on Pro already rocking battery saver for most of the time. 

People are crying about 60hz, meanwhile everyone is on 60Hz",drivemyorange,0,1726734391.0,funniest thing people pro already rock battery save time people cry meanwhile everyone,56
51,lo39llf,"What are you upgrading from? I‚Äôm
On a standard 12.",crousscor3,1,1726856854.0,upbraid standard,22
52,lo358e1,The profit they would make with $50 would be negated by drop in sales of the Pro models. The best middle ground is probably to increase the refresh rate to 90hz.,ramadz,1,1726855430.0,profit would make would engage drop sale pro model well middle ground probably increase refresh rate,67
53,lnum8zl,"The 60hz defenders are crazy

These people would be defending Apple if the phones had 30hz lmao",WickedTwista,4,1726720359.0,defender crazy people would defend apple phone may,56
54,lnu50cu,"Don't forget ""DAE think iPhone 13 Pro series was the best?""",officiakimkardashian,30,1726712506.0,forget day think phone pro series well,46
55,lntzvs8,My 14 Pro is at 84% battery capacity. These people must be ultra light users. This comment is all over the place.,Deleted,52,1726710499.0,pro battery capacity people must ultra light user comment place,56
56,lntj89v,Yep!,Portatort,9,1726704218.0,yep,23
57,lntobb2,ü§£ i hope you‚Äôre right,chimelime,1,1726706112.0,I hope right,88
58,lnu5jx3,Looks you‚Äôre wrong pal,Cedric182,-2,1726712724.0,look wrong pal,24
59,lnvlqv4,"Naa, the difference in good 320kbps audio and uncompressed audio is very minimal, most people can‚Äôt hear it. And you can have great cheap wines, and very expensive shitty wines, it just depends on your taste. But 120hz is just a lot better. Like objectively..",zarafff69,27,1726743251.0,na difference good keep audit compress audit minimal people hear great cheap wine expensive thirty wine depend taste lot well like objective,4
60,lnwezln,"I hope sooner rather than later people will treat refresh rate the same way they treat display resolution.

Like are we really going to be in this same position again in 7-8 years when ""120hz looks like shit, give me 240hz for these [price] devices"" type comments start showing up? 

The overall impact of 120hz is really pretty minor",bran_the_man93,4,1726755422.0,I hope soon rather later people treat refresh rate way treat display resolution like really go position year look like shit give I price device type comment start show overall impact really pretty minor,46
61,lnw23b0,"Part of the reason why I enjoyed gaming more on a ps5. PC is better for sure, upgrading and so on but when I just relax on a sofa and turn on a game without worrying over settings, if it works etc it‚Äôs refreshing. Same with new phone, if it does what I need then I‚Äôll enjoy it. I‚Äôd only upgrade if it was a super have feature or a collection of new features over a few years",FeltzMusic,1,1726750705.0,part reason I enjoy gaze pp well sure upbraid I relax sofa turn game without worry setting work etc refresh new phone I need ill enjoy I upgrade super feature collection new feature year,88
62,lnwmwmd,"I can agree with you on the PC gaming. I'm cool with hitting at least 90 fps. The thing with 60hz on the non pro iPhones still is crazy. Especially when you look at it from another perspective. Motorola puts 120hz on the Motorola Edge phone. It's about a $500 phone. On the 2023 Motorola Edge model they put it up to 144hz. Yes, 144hz is not needed on a phone. Point being, these are $500 dollar phones. In the Android world 120hz is pretty standard now. About every phone has it. Or some have at minimum 90hz. We all know Apple gatekeeps but at what point does it become ridiculous especially with the price of an iPhone.",purplemountain01,0,1726758131.0,I agree pp gaze I cool hit least fas thing non pro phone still crazy especially look another perspective motorola put motorola edge phone phone motorola edge model put yes need phone point dollar phone andros world pretty standard every phone minimum know apple gatekep point become ridiculous especially price phone,89
63,lnuzlrj,Who uses low power mode for half of their day?,woalk,6,1726728260.0,use low power mode half day,25
64,lnvzfc0,"Your iPhone is in LPM for half your working day? Sounds like you need a new battery or iPhone, my friend.",Deleted,1,1726749646.0,phone pm half work day sound like need new battery phone friend,89
65,lntaox5,If the 16 had 120 hz the sales of the Pro would‚Äôve collapsed. That‚Äôs likely why they held it back. This article is already pointing out how the 16 has the Pro features at a cheaper price.,Deceptiveideas,49,1726701039.0,sale pro would collapse likely hold back article already point pro feature cheap price,67
66,lnsvzeb,"Looks choppy when you use 120hz devices and then come back to it. 

Day to day? Doesn't matter. I forget the hz on my screen of you don't tell me.",OperatorJo_,149,1726695773.0,look happy use device come back day day matter I forget screen tell I,88
67,lnt6njp,"The only ones whining about it are people who know what 60hz means lmao. ¬†The average consumer which these phones are marketed to are not aware and don‚Äôt care. ¬†

I have an 11 and a 15 pm. ¬†While I can clearly see a difference my experience doesn‚Äôt suffer when I switch to my 11 from my 15 pm.¬†

Y‚Äôall are just melodramatic. ¬†",Deleted,27,1726699562.0,one whine people know mean may average consumer phone mark aware care I pm I clearly see difference experience suffer I switch pm yale melodramatic,78
68,lntlqh6,Well I‚Äôm coming from a 12 mini an upgrade to a 16. never had 120 Hz on my phone and don‚Äôt feel at all like it is choppy.,Niightstalker,5,1726705158.0,well come mind upgrade never phone feel like happy,89
69,lnvl5mj,60Hz doesn‚Äôt look ‚Äúchoppy‚Äù if you‚Äôve never experienced ProMotion. And Apple will know exactly what percentage of people that is. The regular 16‚Äôs look impressive this year and most people who don‚Äôt care will just get the regular models.,SMIDG3T,4,1726742924.0,look happy never experience promotion apple know exactly percentage people regular look impressive year people care get regular model,4
70,lnsw9s5,"The only people who care about this are tech nerds like us... and even then, it's like ""wow Instagram scrolls so smoothly""

It's definitely more of a luxury nice-to-have than it is a mission-critical necessity, would be cool if the base phones have it, I doubt anyone buying one really actually cares that much about it tbh",bran_the_man93,22,1726695870.0,people care teach need like even like instagram school smoothly definitely luxury nicetohave misioncritical necessity would cool base phone I doubt anyone buy one really actually care much th,46
71,lnts25h,"To *you*

Reddit is not the consensus for the average consumer",SwingLifeAway93,3,1726707525.0,credit consensus average consumer,26
72,lnx41hx,SHUT UP YOUR MOM WON'T NOTICE thanks,Hot_Special_2083,1,1726763714.0,shut mon notice thank,27
73,lnxkqyk,"I wouldn‚Äôt know, if the 120Hz fanatics weren‚Äôt telling me how awefully choppy it looks.",Apophis22,1,1726768922.0,I know lunatic tell I awful happy look,88
74,lnuzh3l,It does not look choppy.,Deleted,-1,1726728178.0,look happy,28
75,lnxudsv,I truly cannot think of a single time I‚Äôve ever actually needed faster speeds on my phone. I don‚Äôt know the last time I plugged it in to transfer literally anything.,ttoma93,3,1726771956.0,I truly think single time give ever actually need fast speed phone I know last time I plug transfer literally anything,78
76,lnucawp,Haven‚Äôt connected my phone to anything for data in years. My phone can drive almost gigabit speeds over WiFi 6E ‚Äî there‚Äôs barely any need for usb.¬†,qalpi,8,1726715570.0,connect phone anything datum year phone drive almost gigabit speed wife e barely need,89
77,lo0mwsl,I bet Apple will release portless iPhone base before moving on to usb3. They want the high speeds to stay a ‚Äúpro‚Äù feature.,ImageDehoster,1,1726817158.0,I bet apple release party phone base move want high speed stay pro feature,46
78,lnu6g18,"> usb2

I agree, and yet realistically how many people these days are uploading files to/from their iPhone by cable these days? If it‚Äôs anyone I imagine it‚Äôd be Pro phone users.",SkyGuy182,0,1726713084.0,I agree yet realistically many people day unload file phone cable day anyone I imagine pro phone user,46
79,lnvmnkl,"Why don't you is the real question. Even if you don't use it, it should be a standard feature.",Your_Receding_Warmth,4,1726743741.0,real question even use standard feature,29
80,lnsvukk,"The 120Hz displays can go all the way down to 1hz, saving battery most of the time.",3dforlife,25,1726695728.0,display go way save battery time,30
81,lnuuxmk,"60 Hz is the sole reason i‚Äôm not upgrading from my 13 Pro. 6.3‚Äù is too big, and i‚Äôm not paying $900 for a 60 Hz phone on principle. esp when they‚Äôre prolly gonna finally upgrade the refresh rate on the 17",WhoIsJazzJay,5,1726725282.0,sole reason upbraid pro big pay phone principle esp poly na finally upgrade refresh rate,46
82,lnutylw,"lol, this is it. 

Yes there‚Äôs a difference. Yes people like us can tell the difference and appreciate it. But the average iPhone user doesn‚Äôt care. It‚Äôs like that motion-smoothing feature on your parents tv that they just left on, even though it looks awful. They don‚Äôt know the difference, or it‚Äôs of minimal importance to them even if you showed them the difference.

The reality is that if you‚Äôre on the Apple subreddit, you‚Äôre probably who the ‚ÄúPro‚Äù is aimed at.",sheeplectric,-6,1726724695.0,yes difference yes people like tell difference appreciate average phone user care like motionsmothe feature parent leave even though look awful know difference minimal importance even show difference reality apple subredit probably pro aim,56
83,lnv5zco,Difference of opinion...must be brainwashed.,Mashm4n,9,1726732670.0,difference opinionmust brainwash,31
84,lnxlei5,"Yeah, all the people not having the highest level feature sets on their electronic devices are definitely brainwashed. Nice take",Apophis22,0,1726769131.0,yeah people high level feature set electronic device definitely brainwash nice take,4
85,lnxuy3y,"You actually generally get worse battery life with 60Hz, because it‚Äôs a static 60, vs ProMotion enabled which allows dynamic scaling between 1-120Hz.",ttoma93,2,1726772133.0,actually generally get bad battery life static vs promotion enable allow dynamic seal,32
86,lnthmx4,Hope Apple puts 240hz on the pro next year just so we can all hear about how unusable a phone with 120hz actually is,Portatort,25,1726703618.0,hope apple put pro next year hear unable phone actually,46
87,lnttpvr,What are you comparing it to?¬†,996forever,17,1726708161.0,compare,33
88,lnu7xjj,"You're not the only one...they're a great value if you hold on to it as long as you can. I just ordered a 16PM to replace my base model 11. That 11 lasted me  5 years and I bought it for $700 new. Came out $140/yr or $12/mo over it's lifetime. Insane value tbh. I expect my 16PM to last just as long if not longer. Spending 10-20/mo over the lifetime of a device i use daily is well worth it, that's like 3-4 cups of coffee from Starbucks",99YardRun,5,1726713693.0,nether great value hold long I order pm replace base model last I year I buy new come mo lifetime insane value th I expect pm last long long spend mo lifetime device I use daily well worth like cup coffee starbuck,88
89,lnv40ts,"When you adjust for inflation, basically any computing device is incredibly cheap compared to 20-30 years ago. We don‚Äôt know how good we have it.",Forte69,1,1726731259.0,adjust inflation basically computing device incredibly cheap compare year ago know good,34
90,lnvd64a,"A computer, perhaps. Not a supercomputer.",Trick-Minimum8593,1,1726737833.0,computer perhaps supercomputer,35
91,lnwsdwc,The camera alone is worth $500,FellateFoxes,1,1726759974.0,camera alone worth,36
92,lnuweu7,"It's a feature like many other, do not like it or do not have a use for it you can disable it on the settings. It is no excuse to not have a decade old feature that many other people like.",radiatione,7,1726726203.0,feature like many like use disable setting excuse decade old feature many people like,4
93,lnt9qsi,"I hated it on my 15 pro, and turned it off almost immediately. I always thought my phone was lighting up with a notification.",3serious,32,1726700689.0,I hate pro turn almost immediately I always think phone lighting ratification,78
94,lo0n14x,I‚Äôd like to use the standby mode as an alarm clock. The regular always on isn‚Äôt really that useful though,ImageDehoster,1,1726817240.0,I like use stand mode alarm clock regular always really useful though,88
95,lnt9g5a,"This, I understand it on a watch or even a tv, I don‚Äôt see the point of it on a phone.",HillarysFloppyChode,0,1726700580.0,I understand watch even I see point phone,78
96,lntrdfq,The professional use case of matching their competitors. Why are you in several comments trying to act like 120hz is some awful Boogeyman?,Kavani18,23,1726707264.0,professional use case watch competitor several comment try act like awful boogeyman,37
97,lnu6ydc,"Yeah I feel like the ‚Äúlimit frame rate‚Äù on the >=14 pro artificially limits it‚Äôs well below a regular iPhone. 

I know the non pro motion phone aren‚Äôt as smooth,  but I refuse to believe that‚Äôs an accurate comparison.",phulton,4,1726713290.0,yeah I feel like limit frame rate pro artificially limit well regular phone I know non pro motion phone agent smooth I refuse believe accurate comparison,78
98,lnv6030,It was for me. Made long-term use of the iPad much more pleasant.,Unfair_Finger5531,2,1726732685.0,I make long use pad much pleasant,88
99,lnvcyen,Dafuq you smoking¬†,Ahi_Tipua,1,1726737683.0,dafuq smoke,38
100,lo3i16l,"Standard 13 blue. If it had usb c, I‚Äôd be waiting for the 23 already lol",megas88,2,1726859606.0,standard blue c I wait already,88
101,lo3ihhf,"Sure, but it would also generate more sales",makeflippyfloppy,1,1726859756.0,sure would also generate sale,39
102,lnu0xls,"Some of these Apple Watch users are even more absurd. There were two in the AW10 thread who claimed their 6 still has 2 day battery life so they have no reason to upgrade. 

Like even Apple only claims ‚Äúfull day‚Äù or 18 hour battery life lol",nWhm99,33,1726710901.0,apple watch user even absurd two thread claim still day battery life reason upgrade like even apple claim full day hour battery life,40
103,lnupz01,Pal looks you're wrong,Portatort,1,1726722364.0,pal look wrong,41
104,lnvmbh2,"99% of people don‚Äôt have any complaints using a 60Hz phone. It‚Äôs only people who have experienced 120Hz that suddenly have issues with 60Hz - and even then, it‚Äôs not everyone. I guarantee my elderly parents wouldn‚Äôt notice.

People on this sub are not representative of the population, we‚Äôre all geeks who agonise over specs that most people don‚Äôt give a shit about",Forte69,13,1726743560.0,people complaint use phone people experience suddenly issue even everyone I guarantee elderly parent notice people sub representative population week agony speck people give shit,56
105,lnwiehd,Difference in audio quality is real and can be perceived. One would require a suitable audio system to differentiate though.,nuvo_reddit,1,1726756604.0,difference audit quality real perceive one would require suitable audit system differentiate though,42
106,lnxifua,"My wife can‚Äôt tell the difference, nor can my mother. It‚Äôs something by for nerds.",NihlusKryik,1,1726768206.0,wife tell difference mother something need,43
107,lnwgsst,"Yeah I think 120Hz is the upper limit, anything past that is only useful for e-sports",Forte69,3,1726756053.0,yeah I think upper limit anything past useful export,88
108,lnw37ls,"I totally agree with this sentiment. When you work 40 hours a week, and have other commitments, you just don‚Äôt have time for it. 

I‚Äôm still primarily PC and it drives me mad when a game gets broken by a bullshit update, whether it‚Äôs stupid new launchers or mod incompatibility. I just want to come home and switch my brain off, I don‚Äôt want to troubleshoot performance issues.",Forte69,3,1726751141.0,I totally agree sentiment work hour week commitment time still primarily pp drive I mad game get break bullshit update whether stupid new launch god incompatibility I want come home switch brain I want troubleshoot performance issue,88
109,lnxqgie,"Looking at it from another perspective, apple tends to introduce features on the pro series first and then they trickle down to the other phones later.¬†
This is one feature that hasn‚Äôt trickled down even after 3 new generations. Likely not because of cost savings, but because they know it‚Äôs a feature that enough people want which causes them to go for a pro.¬†",Appropriate-Role9361,1,1726770725.0,look another perspective apple tend introduce feature pro series first trickle phone later one feature trickle even new generation likely cost saving know feature enough people want cause go pro,56
110,lnvzq20,"Thats true of needing a new model. However I am hoping that one day the newer phones will stop having the limitation. 

If you use an older phone like I do, 12 series the battery will degrade so the value of 120hz seems to indeed fall off.

The point of low power mode is to increase your battery as well.",Mr-p1nk1,1,1726749768.0,true need new model however I hope one day new phone stop limitation use old phone like I series battery degrade value seem indeed fall point low power mode increase battery well,78
111,lnxu429,Maybe there doesn‚Äôt actually need to be a split base and Pro version then?,ttoma93,3,1726771873.0,maybe actually need split base pro version,67
112,lnuwb87,"They‚Äôve done this with the 12 before and I don‚Äôt think they want a repeat. The 12 Pro only got you the 2x zoom lens, 2 extra GB of RAM, and the steel/matte glass build. Everything else was identical, including the battery because they put plastic filler in place of the extra camera on the regular 12s. There was *very* little reason to pay the extra $200 to go up to the Pro and the sales numbers showed it.",dahliamma,1,1726726140.0,I think want repeat pro get x room len extra go ram stellate glass build everything else identical include battery put plastic filler place extra camera regular little reason pay extra go pro sale number show,46
113,lnuy8m9,120hz is a pro feature and the 16 does not have it.,Shaykea,-8,1726727368.0,pro feature,67
114,lnv8o13,"I'm pretty sure that if you would ask a non-technically inclined friend how does their 60hz panel in their iPhone feels, they wouldn't even know what you're talking about... People just grossly overestimate how much most people care about the refresh rate of their smartphone.",Lywqf,20,1726734598.0,I pretty sure would ask nontechnicaly incline friend panel phone feel would even know talk people grossly overestimate much people care refresh rate smartphone,56
115,lntihks," 
Nail on the head and the comment below also hits it home. 

If you‚Äôve had it you are probably not going to want to come back from it but the average user doesn‚Äôt care and won‚Äôt care either until they use it.

I agree with the cost of the phones it should be a standard given what comes with much cheaper phones - however the only way to get Apple to change that is with your wallet and not buying those devices.

But as they continue to sell it‚Äôs apparent the majority just don‚Äôt care to be fair. If you want it there are options for phones there for you out there",setokaiba22,7,1726703937.0,nail head comment also hit home probably go want come back average user care care either use I agree cost phone standard give come much cheap phone however way get apple change wallet buy device continue sell apparent majority care fair want option phone,89
116,lnszty2,My hot take is that it‚Äôs one of the most useless premium features and only needlessly spoils you.,sowaffled,29,1726697100.0,hot take one useless premium feature needlessly spoil,44
117,lnuf0tk,"I can't be the only one with the complete opposite opinion right? People say that you just look at static content on your phone but I'm probably scrolling through something more often than not, as bad as that sounds, and the higher refresh rate makes an extremely noticeable difference to me. When I use my ipad air the transition back to 60Hz is jarring every time. Maybe the fact that my ipad is the only thing I use that really is on 60Hz anymore has an effect, but it's still a huge difference.",Spwntrooper,4,1726716812.0,I one complete opposite opinion right people say look static content phone I probably stroll something often bad sound higher refresh rate make extremely noticeable difference I I use pad air transition back jarring every time maybe fact pad thing I use really anymore effect still huge difference,78
118,lnuj4f7,[deleted],Deleted,3,1726718769.0,delete,45
119,lnw4yy4,Depends on the person. Just because it‚Äôs not noticeable to a lot of people doesn‚Äôt mean it‚Äôs excusable.,Sp00kyTanuki,1,1726751805.0,depend person noticeable lot people mean excusable,4
120,lnsz2n0,"As an XS owner, Ive gotten into the habit of closing my eyes when I scroll and opening them when the movement is gone.",Fiendbean17,1,1726696831.0,owner give get habit closing eye I stroll open movement go,88
121,lnv8m1k,"Worse even, I have a 13 and not long ago I found out that using low power mode ALL the time means your scrolling would feel floppier. I was ‚Äúhuh?‚Äù. Sure, I felt that the phone didn‚Äôt scroll super super smoothly, but there‚Äôs so many things that could be the reason I never gave it a thought.

Literally I only noticed because people pointed it out. Yes, you can notice it after you know what to search for, but I‚Äôm one of those that were not aware.",Justicia-Gai,4,1726734558.0,bad even I long ago I find use low power mode time mean stroll would feel flop I hut sure I feel phone stroll super super smoothly many thing could reason I never give think literally I notice people point yes notice know search one aware,78
122,lnuln17,"For real.

Gamers, a notoriously vocal and price-conscious demographic, aim for 60hz in ultra competitive games and yet somehow that‚Äôs not good enough for doomscrolling on Instagram on a 6‚Äù screen. 

Should/could Apple include it on all iPhones? Sure. 

Is it a huge deal? Absolutely not.",SUPRVLLAN,-1,1726720043.0,real games notoriously vocal priceconscious geographic aim ultra competitive games yet somehow good enough domscrole instagram screen shouldcould apple include phone sure huge deal absolutely,89
123,lnw9chw,Nearly all my displays are 120hz minimum. 60hz on my iPhone 12 Pro Max looked choppy before I got a 120hz iPhone. My partner still has a 12 Pro max and I can see the choppiness from across the room. Some people are more sensitive than others.,FlarblesGarbles,-1,1726753413.0,nearly display minimum phone pro max look happy I get phone partner still pro max I see happiness across room people sensitive,46
124,lnswjop,But they're phones that start at $800 and $900.,FlarblesGarbles,17,1726695962.0,phone start,89
125,lnuycao,K,FlarblesGarbles,-1,1726727434.0,k,47
126,lnxsjys,Someone's not a fanatic for telling you they think 60hz is choppy.,FlarblesGarbles,1,1726771385.0,someone fantastic tell think happy,48
127,lnw7qwr,"Because it's just not a feature I care about. It provides almost no benefit to me other than it's slightly more smooth. I have an iPad pro, switching back and fort gives me exactly 0 hassle. In fact I'm thinking of downgrading from the iPad pro to the Mini because the size is more important to me.

If the battery was actually noticeably better with the variable refresh rate, I would still rather just have a variable 60hz refresh rate.

Also 90+hz is like coffee, nice at first, you stop noticing it eventually until you all of a sudden stop having it, then not having coffee sucks (for a bit until you eventually get reused to not having it)",OreganoLays,0,1726752830.0,feature I care provide almost benefit I slightly smooth I pad pro twitch back fort give I exactly haste fact I think download pad pro mind size important I battery actually noticeably well variable refresh rate I would still rather variable refresh rate also like coffee nice first stop notice eventually sudden stop coffee suck bit eventually get refuse,78
128,lnt917h,If that‚Äôs the case why did the 15 beat the 15 pro in battery life last year,TheNextGamer21,-2,1726700425.0,case beat pro battery life last year,67
129,lnt1ine,this would apply if youre not doing anything with your phone üòÇ like staring at a static image. how often are you touching and using your phone?¬†,tensei-coffee,-6,1726697704.0,would apply anything phone like stare static image often touch use phone,89
130,lntz0km,and yet choosing 60hz is still better for the battery life,OreganoLays,-4,1726710165.0,yet choose still well battery life,49
131,lnvxx2p,"The 16 Pro is the same width as the 13 Pro and barely taller, coupled with the fact that it‚Äôs rounded so it‚Äôs easier to hold.",Aarondo99,4,1726749020.0,pro width pro barely tall couple fact rounded easy hold,67
132,lnv8i4a,"Apple used to be the company that made products people didn't think they needed. No one thought they needed an ipod, ipad, wireless airpods, a touchscreen iphone etc. Yet they brought them all to the market.

Stop making excuses for a complacent company. Being complacent is the exact reason Nokia and Microsoft had their lunch eaten by Apple and Google.",electric-sheep,5,1726734480.0,apple use company make product people think need one think need upon pad tireless airport touchscreen phone etc yet bring market stop make excuse complacent company complacent exact reason nikita microsoft lunch eat apple goose,56
133,lnv2x7h,[deleted],Deleted,4,1726730488.0,delete,50
134,lnv63y1,"The great opinion of defending 60hz on a super expensive phone in 2024, fantastic!",Shaykea,2,1726732761.0,great opinion defend super expensive phone fantastic,89
135,lnyewq4,"ah yes, the highest level feature that exists on most android phones above $100, amazing!",Shaykea,1,1726782078.0,ah yes high level feature exist andros phone amazing,89
136,lnyhpw0,Huh. Never knew that. Appreciate the tip.,Beautiful_Tangerine,1,1726783026.0,hut never know appreciate tip,51
137,lnttkex,"I remember Apple fanatics using ‚Äú4K‚Äù as a strawman when people rationally demanded 1080p+ OLED while they fiercely defended the 750p LCD, too.¬†",996forever,22,1726708102.0,I remember apple lunatic use k strawman people rationally demand p old fiercely defend p lead,46
138,lnv8x85,diminishing returns. 240 is in the realm of pretty useless but nice to have.,electric-sheep,5,1726734786.0,diminish return realm pretty useless nice,52
139,lnuhjw8,"Yeah, it‚Äôs good value but I don‚Äôt see how it‚Äôs ‚Äúcheap‚Äù exactly. It‚Äôs only cheap compared to the Pro models. If you just want a similar ‚Äúpocketable supercomputer you will use for 8+ hours a day‚Äù experience, plenty of Android phones will do the same thing for less.

Even if you don‚Äôt want to use Android, there‚Äôs still the SE (if you can deal with the dated design and screen) or going used for something like a 14 Pro which is only about $70 more than a new SE.",smashybro,6,1726718004.0,yeah good value I see cheap exactly cheap compare pro model want similar pocketable supercomputer use hour day experience plenty andros phone thing less even want use andros still se deal date design screen go use something like pro new se,46
140,lntuh7u,Their $2000 toothbrush that they bought because they use one everyday.,Amerikaner,11,1726708449.0,toothbrush buy use one everyday,53
141,lnv974f,"Samsung Galaxy Ultra S24? An iPhone is a luxury phone, let‚Äôs be real, comparable phones will be +500$ and there‚Äôll be cheaper ones that beat them in certain aspects but not overall.

I‚Äôve seen cheap androids do brighter pictures that also seem to have better resolution, btw.",Justicia-Gai,1,1726734985.0,samson galaxy ultra phone luxury phone let real comparable phone cheap one beat certain aspect overall give see cheap andros brighter picture also seem well resolution bow,89
142,lo1irjw,Agreed.,Dr-McLuvin,1,1726835784.0,agree,54
143,lnxzjgh,Same. And I bet my battery is all the better for it too.,quinn_drummer,1,1726777206.0,I bet battery well,88
144,lntvvi9,"Then buy their competitors phone. If Apple isn‚Äôt providing a product up to your standards, buy a product that does.",ank1t70,-7,1726708978.0,buy competitor phone apple provide product standard buy product,89
145,lo3j2to,But reduce margins. Margins are higher on pro models.,ramadz,1,1726859950.0,reduce margin margin higher pro model,67
146,lnv4dws,My brothers claims to have two days of battery on his Series 2 still‚Ä¶,Boccaccioac,2,1726731519.0,brother claim two day battery series still,55
147,lnv40q9,"> here were two in the AW10 thread who claimed their 6 still has 2 day battery life

Would love to know their secrets... I'm upgrading from my launch day Series 6 because it's been needing a little charging by the evening if I want to make sure it won't go red by night time.",nosht,1,1726731257.0,two thread claim still day battery life would love know secret I upbraid launch day series need little charge evening I want make sure go red night time,88
148,lnz6vlc,"I mean I have S7 and honestly I can get two days out of it if I don‚Äôt work out. (With AOD on)

There‚Äôs genuinely no real reason to upgrade, even though the new jet black color is nice.",mika4305,0,1726792222.0,I mean I honestly I get two day I work genuinely real reason upgrade even though new jet black color nice,88
149,lnvn5vm,"Complaints is different tho. Most people also don‚Äôt complain about the performance of iPhones, or the camera. But this review states that: ‚Äúpro features at a mainstream price‚Äù, which is just false. The most important feature is missing..

The vast majority of people would notice the 120hz more than the performance bump lol.",zarafff69,11,1726744012.0,complaint different people also complain performance phone camera review state pro feature mainstream price false important feature miss vast majority people would notice performance bump,56
150,lnwfg11,"""Good thing I have this 120hz display so i can watch Netflix at 24fps"" is how this all sort of falls.

There's not a whole lot that we do on our phones that doesn't boil down to ""it's nice when it scrolls""",bran_the_man93,3,1726755582.0,good thing I display I watch netflix fas sort fall whole lot phone boil nice school,78
151,lnvmxai,"I don‚Äôt know if you should use elderly parents, who as a general rule don‚Äôt care about technology, as an example of good technology.

I wouldn‚Äôt notice differences in things I don‚Äôt care about either. That doesn‚Äôt mean the people that do care about those things shouldn‚Äôt voice concern if they‚Äôre negative",Brandaman,-1,1726743887.0,I know use elderly parent general rule care technology example good technology I notice difference thing I care either mean people care thing voice concern negative,78
152,lnwm1vd,"I have a Sennheiser HD 800S, and some Kef LS50 META‚Äôs, but I can‚Äôt really hear the difference‚Ä¶

I mean I have Spotify and Qobuz for lossless, and sometimes I feel like I can hear the difference. But then I go back to Spotify and don‚Äôt really hear it.. 

And most importantly, every time I‚Äôve actually done a ABX test, I just fail. Have you ever done an ABX test? Because the placebo effect is real. And 320kbps lossy is pretty good. It‚Äôs not like 128, where it was fine, but obviously inferior.",zarafff69,1,1726757842.0,I senheiser key metal I really hear difference I mean I specify qobuz loss sometimes I feel like I hear difference I go back specify really hear importantly every time give actually ax test I fail ever ax test place effect real keep loss pretty good like fine obviously inferior,88
153,lnw0whn,"I'm not surprised, 80% battery health is actually a massive chunk of your battery gone. If you had 20% left at the end of the day, you really would have 40% if it was a new battery.

I'm all for reusing old phones, and non-genuine battery replacements do the job just fine to be honest.",Deleted,2,1726750239.0,I surprised battery health actually massive chink battery go leave end day really would new battery I refuse old phone nongenuine battery replacement job fine honest,78
154,lo0zgyv,"It¬¥s the same as 8gb ram on laptops. General user doesnt care. When you ask your mom about it, she doesnt have an idea what youre talking about. But give them a phone with 60/120 and they will see the difference. As well as if they use 8gb or 16gb. 

Regardless what apple says, 900 dollar device in 2024 with 60hz is the same as base macbook with 8gb of RAM. Long overdue an upgrade for the same price.",cyclinator,3,1726825951.0,go ram captor general user care ask mon idea talk give phone see difference well use go go regardless apple say dollar device base mack go ram long overdue upgrade price,89
155,lo3138p,Why should the standard be so low? Who cares what the imaginary average user can notice. The phone costs a lot of money. It should have a 120hz screen. $300 phones have 120 Hz screens these days. When technology becomes cheaper it would always trickle down to the lower end models.¬†,moops__,3,1726854110.0,standard low care imaginary average user notice phone cost lot money screen phone screen day technology become cheap would always trickle lower end model,89
156,lnu279n,"Last phone I had that had 120hz was a galaxy s21. 

Guess what feature I had to turn off if I even wanted that phone to last 3 hours. It looked beautiful but it just ATE the battery between the refresh and the processor keeping up. 

It's a useless feature for phones still. That battery chewing is the reason apple doesn't implement it and honestly I don't care for it on a mobile device. I'd much rather have smooth animations at 60hz and an all-day battery even with games.",OperatorJo_,-4,1726711385.0,last phone I galaxy guess feature I turn I even want phone last hour look beautiful eat battery refresh processor keep useless feature phone still battery chew reason apple implement honestly I care mobile device I would much rather smooth animation allay battery even games,78
157,lnt48q6,"‚ÄúMy hot take is that 1080p is one of the most useless features and only needlessly spoils you. I grew up just fine on a 160x144 no backlit game boy color and watching DBZ at 240p‚Äù

Also, Apple demands premium prices, they need to match it with premium features.¬†",Dracogame,70,1726698681.0,hot take p one useless feature needlessly spoil I grow fine x backlit game boy color watch p also apple demand premium price need match premium feature,88
158,lnt8qgg,"I think Apple knows the target buyer of a non Pro phone doesn‚Äôt care about 120hz and is unlikely to notice it, the software is optimized enough anyway.  

One of those buyers would be my mother, she‚Äôs seen 120hz content on my 120hz oled and can‚Äôt tell the difference between that and 60hz content on a 60hz tv.

It‚Äôs just another meaningless number to some people.",HillarysFloppyChode,17,1726700319.0,I think apple know target buyer non pro phone care unlikely notice software optimize enough anyway one buyer would mother see content old tell difference content another meaningless number people,46
159,lnt2adu,"I think a lot of people see 60hz and automatically think about 60fps gaming, where having a higher refresh is a much more noticeable benefit (even though we all suffered through sub-30fps gaming for years lol)

And then there's always the specs-chasing crowd that just see the bigger number and want to have it, regardless of functionality.",bran_the_man93,18,1726697982.0,I think lot people see automatically think fas gaze higher refresh much noticeable benefit even though suffer subfps gaze year always specschase crowd see big number want regardless functionality,46
160,lntd9bg,Well done that's certainly a hot take.,a445d786,3,1726701993.0,well certainly hot take,57
161,lnv3hkg,"Hard disagree. 120Hz on your phone is like AC in your home: yes of course you can live without it, but if you have it it's an all day feeling of luxury and comfort.",nn2597713,0,1726730881.0,hard disagree phone like ac home yes course live without day feel luxury comfort,89
162,lnulsqn,"It is jarring if you compare right away between devices. Goes away after day or two of usual usage, back to the perception of when you were using a 60hz phone since 2007",debrocker,0,1726720124.0,jarring compare right away device go away day two usual usage back perception use phone since,89
163,lnvoyp7,"**most of YOUR devices, not most of the average public.",Deleted,4,1726744925.0,device average public,58
164,lnxl0lu,"In fact none of my devices are 120Hz, they are all 60Hz. And I have plenty electronic devices that aren‚Äôt older than 4 years.",Apophis22,0,1726769008.0,fact none device I plenty electronic device agent old year,88
165,lnv9x2n,"lol I didn‚Äôt know this either but now that you mention it, it does make sense I guess. Haha¬†",Deleted,1,1726735502.0,I know either mention make sense I guess hata,88
166,lnusfxd,"PC gamer here. TBH having a high refresh rate screen is usually a must for me due to better latency and motion clarity.

However, on a phone that I don't do gaming at all, I don't really mind daily driving 60Hz.

Should the newer flagship phones come with 120Hz? Absolutely.

Is there a difference between 60Hz and 120+Hz? Yes, very noticeable.

Do I care about using 60Hz when there is no gaming involved? A bit, but overall not something I would rage about everyday.",Deleted,2,1726723791.0,pp game th high refresh rate screen usually must I due well lately motion clarity however phone I gaze I really mind daily drive new flagship phone come absolutely difference yes noticeable I care use gaze involve bit overall something I would rage everyday,78
167,lnuwxra,What are you on about? Ultra competitive gaming is aiming at 240Hz+ these days. 60 FPS is OK for single player and pretty graphics.,mikeyd85,2,1726726534.0,ultra competitive gaze aim day fas ok single player pretty graphic,59
168,lnx343j,"On mobile devices it‚Äôs not about gaming, it‚Äôs about the smoothness of scrolling. It‚Äôs much easier on your eyes to scroll through text that doesn‚Äôt get blurry. 

No idea why you brought up gaming.",IcarusFlyingWings,0,1726763425.0,mobile device gaze smoothness stroll much easy eye stroll text get flurry idea bring gaze,60
169,lnsxroa,"Yup, and because of that, Apple knows that it can double-dip on the ""I don't even know what a refresh rate is"" crowd with the base phones, and the ""my eyes are bleeding, it's so choppy"" crowd with the Pro phones. 

It's really just market segmentation... but it's clearly working, for better or for worse.

That said, refresh rate being the only downside for these things is still pretty good",bran_the_man93,12,1726696379.0,apple know double I even know refresh rate crowd base phone eye bleed happy crowd pro phone really market pigmentation clearly work well bad say refresh rate downside thing still pretty good,46
170,lnv02h8,"It really does not. I‚Äôm using 240hz screen on my PC, I‚Äôve had 120hz phones but I‚Äôm perfectly ok with my iphone 15. It does not feel choppy at all.",Deleted,0,1726728565.0,really use screen pp give phone perfectly ok phone feel happy,89
171,lntduvx,"Smaller capacity. Yea the pro phones have a slightly smaller capacity than the regular phones, both at the 6.1 and 6.3 end of things.",Chemical_Knowledge64,9,1726702212.0,small capacity yea pro phone slightly small capacity regular phone end thing,46
172,lnt84fq,Reading posts on Reddit - most of the time.,3dforlife,5,1726700096.0,read post credit time,61
173,lnt8umz,[deleted],Deleted,5,1726700360.0,delete,62
174,lnwpem9,the 13 Pro is already too big for me. i personally wish they‚Äôd go down to 5.8‚Äù like they did with the 11 Pro,WhoIsJazzJay,1,1726758974.0,pro already big I I personally wish go like pro,46
175,lnvhv7u,"I agree with what you‚Äôve said - but 120hz is not the same as ‚Äú1000 songs in your pocket‚Äù or ‚Äúan iPod, a phone, an internet communicator‚Äù.

It‚Äôs a smoother, more responsive screen, on top of one of the best smartphones on the market. 120hz is great. I think every phone should have it. I‚Äôm not ‚Äúmaking excuses‚Äù. I‚Äôm just telling you that for a fact, many people can not tell the difference.

Nice username btw",sheeplectric,0,1726740975.0,I agree say song pocket upon phone internet communication smoother responsive screen top one well smartphone market great I think every phone make excuse tell fact many people tell difference nice surname bow,46
176,lnv7ueh,"‚ÄúThose do not care people would also have a better experience‚Äù. Would they though? Just anecdotally, I recommend a friend of mine get a Pro (13) because of the screen. They got the phone, and even when I compared it directly to my iPhone X In front of them, they literally could not tell the difference, even though to me it was night and day. These people exist.",sheeplectric,-1,1726734009.0,care people would also well experience would though anecdotaly I recommend friend mine get pro screen get phone even I compare directly phone x front literally could tell difference even though I night day people exist,46
177,lnv7p8t,What features would you hold back to delineate two lines of phones?,23569072358345672,1,1726733905.0,feature would hold back delicate two line phone,89
178,lnz6fbu,"You know what, this is coming from an android user, 750p was aight. I definitely notice the difference but I don't mind going back to it",ArScrap,1,1726792053.0,know come andros user p right I definitely notice difference I mind go back,88
179,lnvatm6,"They‚Äôre trying to strawman, nothing else. Don‚Äôt take the bait.¬†",996forever,2,1726736158.0,try strawman nothing else take bait,63
180,lnvmchu,The Ultra is miles ahead of this mate.,Your_Receding_Warmth,1,1726743575.0,ultra mile ahead mate,64
181,lntx7b6,"Or maybe these premium phones should have at least most of the same features their competitors have? I don't want an Android. Doesn't mean I can't say these $800 and $900 phones shouldn't have features that match their prices. Why is that always this sub's defense? ""BuY a CoMpEtiTorS PhOnE. aPpLe is PeRfeCt"". They aren't above criticism, my friend",Kavani18,15,1726709477.0,maybe premium phone least feature competitor I want andros mean I say phone feature match price always sobs defense buy competitor phone apple perfect criticism friend,78
182,lnxila1,That statement isn‚Äôt ‚ÄúALL pro features in a mainstream price‚Äù though‚Ä¶.,NihlusKryik,1,1726768254.0,statement pro feature mainstream price though,67
183,lnvnwll,"I think you‚Äôve overestimating people. If you didn‚Äôt ask them to look for it, most wouldn‚Äôt notice it. 

‚ÄòPro‚Äô is a meaningless marketing term so I don‚Äôt see any reason to gatekeep it",Forte69,0,1726744398.0,I think overestimate people ask look notice pro meaningless marketing term I see reason gatekep,46
184,lnvo3hk,"As a general rule, most people don‚Äôt care about technology. That‚Äôs my point.",Forte69,5,1726744495.0,general rule people care technology point,4
185,lo4efog,"DOn't get me wrong, I agree with you that given the price of those phones, it should come with a 120hz refresh rate, but still, most user won't really notice it and that was what I called an overblown reaction from a lot of people right here.",Lywqf,2,1726870473.0,get I wrong I agree give price phone come refresh rate still user really notice I call overgrown reaction lot people right,78
186,lntt7zp,"Apple fanatics unironically defended not only 1080p but 750p for _years_ until the iPhone X came out. And even then, they only fully went away when the iPhone 12 came.¬†",996forever,36,1726707969.0,apple lunatic unironicaly defend p p year phone x come even fully go away phone come,89
187,lntov47,[deleted],Deleted,-1,1726706318.0,delete,65
188,lnv75n2,"My mother doesn't notice the speed difference between an 11  phone and a 15. That didn't stop apple from improving hardware year on year. A typical corolla driver also doesn't care about having 150BHP vs 240BHP. They will still drive the same way. Doesn't stop toyota from adding more power. 

We need to stop making excuses for apple for being stingy.",electric-sheep,2,1726733515.0,mother notice speed difference phone stop apple improve hardware year year typical coolly driver also care vs still drive way stop tooth add power need stop make excuse apple stingy,89
189,lnt463f,But‚Ä¶it is genuinely noticeable?,Admirable-Lie-9191,46,1726698653.0,butt genuinely noticeable,66
190,lnuuvwc,"i‚Äôve spent months with a 12 after having a 15 pro (had to replace it but want to hold out for the 16).

it doesn‚Äôt go away. it feels like laggggg.",spoopypoptartz,3,1726725252.0,give spend month pro replace want hold go away feel like law,67
191,lnuxuw3,"Thanks for proving my point, you‚Äôre the disillusioned gamer I‚Äôm talking about. No offense.",SUPRVLLAN,-1,1726727124.0,thank prove point disillusion game talk offense,68
192,lnx7cb4,"It‚Äôs about responsiveness. If 60hz is good enough for shooters, it‚Äôs good enough for scrolling.",SUPRVLLAN,1,1726764751.0,responsiveness good enough shutter good enough stroll,69
193,lvaenw7,"Thinking of getting the regular iPhone 16 for my dad. He has never experienced anything above 60hz before, so no big deal for him? Any issues with the phone?",synthesizer91,1,1730688258.0,think get regular phone dad never experience anything big deal issue phone,89
194,lntoir2,I‚Äôm more gutted about missing out on the 48mp ultra wide.,UnknownBreadd,0,1726706189.0,gutted miss ultra wide,70
195,lnta7hg,yall swear reading a bit of text = saving battery lmao,tensei-coffee,-1,1726700861.0,yale swear read bit text save battery may,71
196,lnxut30,If you‚Äôve got to artificially hold back features isn‚Äôt that an argument that maybe there doesn‚Äôt *need* to be tie lines of phones?,ttoma93,5,1726772088.0,get artificially hold back feature argument maybe need tie line phone,89
197,lnv7ys3,"Faster chip, better camera, etc. You know, all the other differences that already exists beside the display. They could put a 90hz display to the cheaper one also, 120 to the pro. The price difference is not THAT big anyway to cheap out on a 60hz display",Electronic_Shift_845,1,1726734094.0,fast chip well camera etc know difference already exist beside display could put display cheap one also pro price difference big anyway cheap display,67
198,lnv7x9u,NOT the screen.,Sutiradu_me_gospodaa,-1,1726734065.0,screen,72
199,lnz8gq3,"My mum‚Äôs $300 Samsung A50 is absolutely usable.¬†

Would I pay anywhere close to $800 for it? Absolute the fuck not.¬†",996forever,1,1726792814.0,sum samson absolutely unable would I pay anywhere close absolute fuck,88
200,lo60v51,Ahead of iPhone?,Justicia-Gai,1,1726896227.0,ahead phone,89
201,lntxv0h,"If 120 hz is that important to you then buy a phone that has it. That‚Äôs all I said, I‚Äôm not defending anything. The reality is most people don‚Äôt care about 120 hz.",ank1t70,-2,1726709724.0,important buy phone I say defend anything reality people care,46
202,lnuq8xi,its unforgivable that apple wont sell you a phone that has 120hz,Portatort,-1,1726722522.0,unforgivable apple sell phone,89
203,lnvoduf,"I disagree. They might not care about 120hz vs 60hz, but they will care when they look at them both and see one isn‚Äôt as smooth as the other.

Of course not everyone, but having sold phones for 8 years when the average customer saw the first iPhone with a 120hz display they more often than not much preferred the look of the display over the 60hz model without needing to understand the numbers behind it",Brandaman,-1,1726744640.0,I disagree might care vs care look see one smooth course everyone sell phone year average customer see first phone display often much preferred look display model without need understand number behind,78
204,lntr2n2,"The original iPhone was a premium product. Just like these are. They should have the premium features to match. Not all of them. They still need to sell Pros, but every single other phone at this price has 120hz. Just because people may not notice it doesn't mean it shouldn't be there",Kavani18,5,1726707149.0,original phone premium product like premium feature match still need sell pro every single phone price people may notice mean,46
205,lnw91pu,"Your analogy sucks. The 150hp corolla is the car someone who doesn‚Äôt care would buy - the non pro models. 

The GR Corolla, is an enthusiast focused version, that only a car enthusiast would buy. - the Pro models.

As it turns out, just like non Pro v Pro, Toyota charges more for the enthusiast version.",HillarysFloppyChode,0,1726753303.0,analogy suck coolly car someone care would buy non pro model gr coolly enthusiast focus version car enthusiast would buy pro model turn like non pro v pro tooth charge enthusiast version,67
206,lntg62d,Literally any time you swipe or scroll or any kind of animation yea it‚Äôs noticeable,TwoMoreMinutes,9,1726703069.0,literally time wipe stroll kind animation yea noticeable,73
207,lnt4wi3,"I agree, but content-wise it's a lot less relevant - static images/text (I.e. Reddit, lol) doesn't benefit from a higher refresh rate, and neither does like 90% of video content that plays at 24fps.

So while it's noticeable, it's not nearly as noticeable as when say, playing an FPS where every frame can convey additional information to the player, and mainly just manifests when we scroll through content and all the animations and stuff, which while nice, is really not all that important.

I think Apple just prioritizes things like color accuracy, brightness, and power consumption (and cost, obvi, it's Apple), over refresh rate.",bran_the_man93,15,1726698925.0,I agree contentwise lot less relevant static imagestext credit benefit higher refresh rate neither like video content play fas noticeable nearly noticeable say play fas every frame convey additional information player mainly manifest stroll content animation stuff nice really important I think apple prioritize thing like color accuracy brightness power consumption cost vi apple refresh rate,88
208,lnu0tof,"I mean if you‚Äôve never had it, it isn‚Äôt. I‚Äôve never owned a device over 60 hz so I don‚Äôt really care. Besides, even if my phone was 120 hz, my monitors and work laptop aren‚Äôt so it‚Äôs not like I wouldn‚Äôt be exposed to 60 all the time",BylvieBalvez,7,1726710860.0,I mean never give never device I really care besides even phone monitor work lawton agent like I expose time,78
209,lnv7z8p,Yes but I don‚Äôt care if Reddit scrolls a bit smoother.,Sciby,1,1726734103.0,yes I care credit school bit smoother,88
210,lnvnbzs,"Definitely. At least in gaming im playing at 120Hz minimum these days. You'll definitely notice a drop to 60Hz or even 30Hz. Though if you are only used to one of those, it's not like it's bothering you. The brain adjusts to it. 

Same for desktop usage. And with that I can imagine also for phones. Having a >120Hz screen next to one with 60Hz and moving a window between the two you'll immediately notice how choppy and laggy it is one the 60Hz screen. Then again. If all you have are 60Hz screens you are fine.",Rakn,1,1726744100.0,definitely least gaze play minimum day definitely notice drop even though use one like bother brain adjust desktop usage I imagine also phone screen next one move window two immediately notice happy lie one screen screen fine,78
211,lnvn3ea,I don't think anyone on this subreddit has the ability offend someone. No offense.,Your_Receding_Warmth,1,1726743976.0,I think anyone subredit ability offend someone offense,88
212,lnv0jlo,And somehow to a large majority of people who keep buying these phones and do not care about the hz.,Deleted,2,1726728877.0,somehow large majority people keep buy phone care,56
213,lntdc02,[deleted],Deleted,5,1726702020.0,delete,74
214,lnv83u4,So just the camera then? That‚Äôs the only thing that you can seperate lines of phones. Why even call them phones now.,23569072358345672,2,1726734196.0,camera thing separate line phone even call phone,89
215,lnv7zdj,But what though I‚Äôm genuinely curious. They need to delineate the two lines.,23569072358345672,0,1726734106.0,though genuinely curious need delicate two line,75
216,lnz9nzk,Which is why I'm not buying an iPhone I suppose. There's simply better bang for buck out there and since it's cheaper I don't feel super guilty upgrading every 4 years instead of every 6 years,ArScrap,1,1726793266.0,I buy phone I suppose simply well bang buck since cheap I feel super guilty upbraid every year instead every year,78
217,lntzl7a,Can't believe there still exists Apple fanboys making these stupid arguments in 2024.,Deleted,5,1726710385.0,believe still exist apple fanboy make stupid argument,76
218,lnvoq3k,They don‚Äôt. I‚Äôve shown people.,Deleted,3,1726744809.0,give show people,4
219,lnvok79,"I mean, people are naturally going to prefer the look of a more expensive screen,  because they already expect it to be better. You‚Äôd have to do a blind test to see how strong the preference really is",Forte69,2,1726744729.0,I mean people naturally go prefer look expensive screen already expect well blind test see strong preference really,46
220,lnwfwvu,"I don't disagree that side by side, most people can tell the difference, especially if you deliberately point it out for them. 

The difference is when you ask them ""how much are you willing to pay for this smoother experience"" and that's where most non-techy people will probably say ""$0"" 

They simply just don't care enough about it to spend a single cent extra, or if they would, it might be like $10 or something ridiculously underwhelming.",bran_the_man93,1,1726755745.0,I disagree side side people tell difference especially deliberately point difference ask much willing pay smoother experience nontechy people probably say simply care enough spend single cent extra would might like something ridiculously underwhelme,56
221,lnxdu1d,"if they added 120hz without changing the price, something else would have to be worse.

i think they have their priorities straight here.",argent_artificer,0,1726766766.0,add without change price something else would bad I think priority straight,88
222,lnw9ca0,"you completely misunderstood my point. Learn to read, and read it again.

A base corolla from 2007 had 97 BHP. A base corolla from 2019 has 139. No one mentioned the enthusiast spec corolla (which is an oxymoron btw)",electric-sheep,0,1726753411.0,completely misunderstood point learn read read base coolly base coolly one mention enthusiast speck coolly oxymoron bow,77
223,lnubgeg,Text on Reddit is literally when I notice it the most. Scrolling down on threads is noticeably smoother at 120,grays55,11,1726715193.0,text credit literally I notice stroll thread noticeably smoother,88
224,lnt6oum,"I rather have a color accurate, high brightness and well calibrated display rather than 120Hz. 

The panels Apple uses are incredibly high quality, regardless if it is a Pro or non-Pro. Heck, even the screen on the cheapest iPad looks great.",LiquidDiviums,22,1726699575.0,I rather color accurate high brightness well celebrate display rather panel apple use incredibly high quality regardless pro monro neck even screen cheap pad look great,46
225,lnugso5,"I‚Äôm still happy with my 60hz older phone, but I noticed immediately when playing with a 15Pro *when scrolling a page of text*. 

Whether an article, Reddit, or anything that‚Äôs mainly a wall of scrollable text I have a muscle memory with my 60hz phone to do a quick scroll and tap to stop the movement and resume reading, because text is unreadable while scrolling. With the 120hz that was a marked difference that I noticed immediately; I could just keep slowly scrolling instead of in chunks because text remained crisp the whole time.",traveler19395,1,1726717644.0,still happy old phone I notice immediately play pro stroll page text whether article credit anything mainly wall scrolable text I muscle memory phone quick stroll tap stop movement resume read text readable stroll mark difference I notice immediately I could keep slowly stroll instead chink text remain crisp whole time,78
226,lnu3w4j,"I bet you like watching video in 720p instead of 1080 lmao.

You're cringe bro defending 60hz",VanPaint,-7,1726712052.0,I bet like watch video p instead may cringe brow defend,88
227,lnv0o2y,That still doesn't mean it's not choppy to me.,FlarblesGarbles,-1,1726728960.0,still mean happy I,88
228,lntniny,dude a few seconds of 1hz isnt going to do shit. youre really reaching.¬†,tensei-coffee,1,1726705817.0,due second go shit really reach,79
229,lnv81lh,"They managed to do it in the past, guess they found an easy way out.

Also a faster chip and better camera is not good enough?",Shaykea,1,1726734151.0,manage past guess find easy way also fast chip well camera good enough,80
230,lnvoyo6,"And I‚Äôve shown literally hundreds if not thousands during my time selling them.

Not everyone cared. Most did.",Brandaman,0,1726744925.0,give show literally hundred thousand time sell everyone care,81
231,lnwgv4p,"And more importantly, a true test is to seek input from the user on what they would be willing to spend to get the better display.

Anyone will take the smoother option if it came for free, not sure how many non-techy folks would be willing to spend $50 or $100 extra for ""just"" that feature though",bran_the_man93,2,1726756075.0,importantly true test seek input user would willing spend get well display anyone take smoother option come free sure many nontechy folk would willing spend extra feature though,82
232,lnwwbyv,"People wanting to spend extra isn‚Äôt really the point being made though, it‚Äôs basically the opposite. The argument is that there shouldn‚Äôt be a need to spend extra for what is now quite a basic feature in the phone world.

And the person I responded to said most people wouldn‚Äôt notice it, and I said that based on my experience, they do. I did not claim that people would willingly spend hundreds extra just for that feature.",Brandaman,2,1726761260.0,people want spend extra really point make though basically opposite argument need spend extra quite basic feature phone world person I respond say people notice I say base experience I claim people would willingly spend hundred extra feature,46
233,lnxeuar,What do you mean by something else? They already have a lot of stuff on the base models that is slightly worse in some way. Battery life. Display brightness. Cameras. Materials. Not much else they could downgrade lol,Kavani18,2,1726767079.0,mean something else already lot stuff base model slightly bad way battery life display brightness camera material much else could downgrade,83
234,lnuhdos,"Totally agree, I‚Äôm still happy with my older 60hz phone, but when playing with a 15Pro scrolling an article or Reddit was an immediate difference that I wasn‚Äôt even looking for or thinking about refresh rates.",traveler19395,3,1726717924.0,totally agree still happy old phone play pro stroll article credit immediate difference I want even look think refresh rate,46
235,lnudcip,"I think you just misread - scrolling is scrolling, text is text, scrolling text is definitely smoother, as is scrolling anything. Actually *reading* text is probably still static, at least I don't typically read as I'm scrolling, maybe you can",bran_the_man93,1,1726716038.0,I think mislead stroll stroll text text stroll text definitely smoother stroll anything actually read text probably still static least I typically read I stroll maybe,88
236,lnvh5l2,This is not a choice Apple has to make. They could for a little more cost do both. High quality and 120hz. As evidenced by even phones like the A55 having incredible displays for the price.,i5-2520M,3,1726740527.0,choice apple make could little cost high quality evidence even phone like incredible display price,89
237,lo0zov2,"They are still very bad for PWM sensitive users and use low frequency for dimming the screen - causing eye-strain and even headaches and other issues for some users. 

High color accuracy, callibration, resolution and brightness? Sure.",cyclinator,1,1726826091.0,still bad wm sensitive user use low frequency dining screen cause restrain even headache issue user high color accuracy celebration resolution brightness sure,84
238,lntaz2c,"Agree when it comes to monitors. Because usually it's either 4k+ or hz not both - and I'll take the pixels if it's just for work. 

But they're not changing the resolutions of phones at this point so the only option is to give you both.",Orbidorpdorp,1,1726701144.0,agree come monitor usually either k I take pipe work change resolution phone point option give,78
239,lntsr88,Samsung panels,Brickback721,0,1726707791.0,samson panel,85
240,lnvg3c8,Then buy the pro? lol,toysoldier96,1,1726739837.0,buy pro,67
241,lnv89fy,For 99.999% of people the faster chip makes zero difference. Kind of a red herring in my opinion. I would have thought only having a better camera isn‚Äôt enough for a premium delineation.,23569072358345672,2,1726734308.0,people fast chip make zero difference kind red hear opinion I would think well camera enough premium deliberation,46
242,lnvpjbv,"Weird, given the sales numbers don‚Äôt reflect your opinion at all.",Deleted,3,1726745205.0,weird give sale number reflect opinion,86
243,lnzgd9n,"Exactly. So to keep the price what it is, they sacrifice the 120hz screens because the 60hz are cheaper for the same real estate. It would cost them more to make it with the better display and Apple isn‚Äôt about losing those profit margins.",StickOtherwise4754,1,1726795789.0,exactly keep price sacrifice screen cheap real estate would cost make well display apple lose profit margin,87
244,lnvg5s5,"I did ""lol""",FlarblesGarbles,0,1726739881.0,I,88
245,lnv8d40,So you're fine with a $800 iPhone having a lower refresh rate than $150 androids for no good reason whatsoever?,Shaykea,1,1726734380.0,fine phone lower refresh rate andros good reason whatsoever,89
